{
  "ctp401": {
    "ROIs": {
      "ROI0_LDPE": {
        "mean": 1231.6644295302012,
        "std": 14.153810281331783
      },
      "ROI90_Air": {
        "mean": 239.18791946308724,
        "std": 37.83314996945091
      },
      "ROI180_Teflon": {
        "mean": 906.2147651006711,
        "std": 18.256768077880608
      },
      "ROI270_Acrylic": {
        "mean": 283.18791946308727,
        "std": 124.56110164084167
      }
    },
    "LCV_percent": -0.17023840776203192,
    "Scale": {
      "scaleX_cm": 10.525,
      "scaleY_cm": 11.7
    }
  }
}