{
  "ctp515": {
    "n_detected": 42,
    "blobs": {
      "blob_1": {
        "x": 255,
        "y": 167,
        "r": 8.485281374238571,
        "x_delta": -11,
        "y_delta": -88,
        "r_delta": 88.68483523128404,
        "angle": -97.1250163489018,
        "mean": -94.08444444444444,
        "bg_mean": -362.41265060240966,
        "bg_std": 484.9141318436172,
        "cnr": 0.5533520030283762
      },
      "blob_2": {
        "x": 170,
        "y": 266,
        "r": 8.485281374238571,
        "x_delta": -96,
        "y_delta": 11,
        "r_delta": 96.62815324738438,
        "angle": 173.46336635120292,
        "mean": -82.56444444444445,
        "bg_mean": -357.3298192771084,
        "bg_std": 483.9830363476147,
        "cnr": 0.5677169532645355
      },
      "blob_3": {
        "x": 198,
        "y": 320,
        "r": 8.485281374238571,
        "x_delta": -68,
        "y_delta": 65,
        "r_delta": 94.06912352095134,
        "angle": 136.29216688624993,
        "mean": -83.49333333333334,
        "bg_mean": -355.68975903614455,
        "bg_std": 483.05084682465287,
        "cnr": 0.5634943556904339
      },
      "blob_4": {
        "x": 194,
        "y": 194,
        "r": 8.485281374238571,
        "x_delta": -72,
        "y_delta": -61,
        "r_delta": 94.36630754670864,
        "angle": -139.72798781884222,
        "mean": -81.15555555555555,
        "bg_mean": -354.2846385542169,
        "bg_std": 483.1418185920773,
        "cnr": 0.5653186548598361
      },
      "blob_5": {
        "x": 177,
        "y": 219,
        "r": 8.485281374238571,
        "x_delta": -89,
        "y_delta": -36,
        "r_delta": 96.00520819205592,
        "angle": -157.97694450318875,
        "mean": -84.43555555555555,
        "bg_mean": -356.5692771084337,
        "bg_std": 483.2893861268329,
        "cnr": 0.5630864847419377
      },
      "blob_6": {
        "x": 178,
        "y": 293,
        "r": 8.485281374238571,
        "x_delta": -88,
        "y_delta": 38,
        "r_delta": 95.85405573057407,
        "angle": 156.644435140714,
        "mean": -79.46222222222222,
        "bg_mean": -353.6340361445783,
        "bg_std": 482.72376681323675,
        "cnr": 0.5679683346164143
      },
      "blob_7": {
        "x": 181,
        "y": 211,
        "r": 8.485281374238571,
        "x_delta": -85,
        "y_delta": -44,
        "r_delta": 95.71311299921238,
        "angle": -152.63178957111177,
        "mean": -89.91111111111111,
        "bg_mean": -358.3192771084337,
        "bg_std": 483.57637650897476,
        "cnr": 0.5550481351662775
      },
      "blob_8": {
        "x": 343,
        "y": 274,
        "r": 8.485281374238571,
        "x_delta": 77,
        "y_delta": 19,
        "r_delta": 79.30952023559341,
        "angle": 13.86102756302115,
        "mean": -85.76,
        "bg_mean": -358.0843373493976,
        "bg_std": 484.60567014616515,
        "cnr": 0.5619503735101583
      },
      "blob_9": {
        "x": 171,
        "y": 238,
        "r": 8.485281374238571,
        "x_delta": -95,
        "y_delta": -17,
        "r_delta": 96.5090669315583,
        "angle": -169.85445556610367,
        "mean": -81.73333333333333,
        "bg_mean": -356.3403614457831,
        "bg_std": 483.5332576592017,
        "cnr": 0.5679175604924283
      },
      "blob_10": {
        "x": 231,
        "y": 339,
        "r": 8.485281374238571,
        "x_delta": -35,
        "y_delta": 84,
        "r_delta": 91.0,
        "angle": 112.61986494804043,
        "mean": -88.18666666666667,
        "bg_mean": -358.97439759036143,
        "bg_std": 483.98626599296995,
        "cnr": 0.559494659135706
      },
      "blob_11": {
        "x": 279,
        "y": 170,
        "r": 8.485281374238571,
        "x_delta": 13,
        "y_delta": -85,
        "r_delta": 85.98837130682264,
        "angle": -81.30449712257523,
        "mean": -78.39555555555556,
        "bg_mean": -354.42319277108436,
        "bg_std": 482.31446910983067,
        "cnr": 0.5722980646200558
      },
      "blob_12": {
        "x": 328,
        "y": 203,
        "r": 8.485281374238571,
        "x_delta": 62,
        "y_delta": -52,
        "r_delta": 80.91971329657564,
        "angle": -39.98688624496419,
        "mean": -85.17777777777778,
        "bg_mean": -355.7590361445783,
        "bg_std": 483.585335048293,
        "cnr": 0.5595315629953579
      },
      "blob_13": {
        "x": 226,
        "y": 173,
        "r": 8.485281374238571,
        "x_delta": -40,
        "y_delta": -82,
        "r_delta": 91.23595782365635,
        "angle": -116.00334584451144,
        "mean": -76.87555555555555,
        "bg_mean": -351.8780120481928,
        "bg_std": 482.0058445862718,
        "cnr": 0.5705375973666447
      },
      "blob_14": {
        "x": 338,
        "y": 221,
        "r": 8.485281374238571,
        "x_delta": 72,
        "y_delta": -34,
        "r_delta": 79.62411694957753,
        "angle": -25.27772223555295,
        "mean": -75.63111111111111,
        "bg_mean": -350.7469879518072,
        "bg_std": 481.3211416576154,
        "cnr": 0.5715848588896644
      },
      "blob_15": {
        "x": 187,
        "y": 202,
        "r": 8.485281374238571,
        "x_delta": -79,
        "y_delta": -53,
        "r_delta": 95.13148795220224,
        "angle": -146.14288985833932,
        "mean": -88.70666666666666,
        "bg_mean": -357.7936746987952,
        "bg_std": 484.42856774672896,
        "cnr": 0.555473037600167
      },
      "blob_16": {
        "x": 341,
        "y": 281,
        "r": 8.485281374238571,
        "x_delta": 75,
        "y_delta": 26,
        "r_delta": 79.37883848986453,
        "angle": 19.119726329931154,
        "mean": -77.52444444444444,
        "bg_mean": -352.90060240963857,
        "bg_std": 482.8748301225713,
        "cnr": 0.5702847628019682
      },
      "blob_17": {
        "x": 217,
        "y": 177,
        "r": 8.485281374238571,
        "x_delta": -49,
        "y_delta": -78,
        "r_delta": 92.11405973031478,
        "angle": -122.13724898104178,
        "mean": -78.14666666666666,
        "bg_mean": -352.1039156626506,
        "bg_std": 481.90797350160807,
        "cnr": 0.568484573931593
      },
      "blob_18": {
        "x": 255,
        "y": 343,
        "r": 8.485281374238571,
        "x_delta": -11,
        "y_delta": 88,
        "r_delta": 88.68483523128404,
        "angle": 97.1250163489018,
        "mean": -91.61333333333333,
        "bg_mean": -360.26506024096386,
        "bg_std": 484.664483607763,
        "cnr": 0.5543045467294984
      },
      "blob_19": {
        "x": 315,
        "y": 189,
        "r": 8.485281374238571,
        "x_delta": 49,
        "y_delta": -66,
        "r_delta": 82.20097323024831,
        "angle": -53.408911732600714,
        "mean": -77.67111111111112,
        "bg_mean": -351.8765060240964,
        "bg_std": 481.6817362016145,
        "cnr": 0.569266746689603
      },
      "blob_20": {
        "x": 338,
        "y": 289,
        "r": 8.485281374238571,
        "x_delta": 72,
        "y_delta": 34,
        "r_delta": 79.62411694957753,
        "angle": 25.27772223555295,
        "mean": -73.25333333333333,
        "bg_mean": -349.3719879518072,
        "bg_std": 481.10770016191196,
        "cnr": 0.5739227506020164
      },
      "blob_21": {
        "x": 204,
        "y": 185,
        "r": 8.485281374238571,
        "x_delta": -62,
        "y_delta": -70,
        "r_delta": 93.50935782048768,
        "angle": -131.53177074108288,
        "mean": -87.75111111111111,
        "bg_mean": -357.0120481927711,
        "bg_std": 484.28393901695813,
        "cnr": 0.555998073408483
      },
      "blob_22": {
        "x": 183,
        "y": 302,
        "r": 8.485281374238571,
        "x_delta": -83,
        "y_delta": 47,
        "r_delta": 95.38343671728336,
        "angle": 150.47863816541837,
        "mean": -79.7688888888889,
        "bg_mean": -352.1219879518072,
        "bg_std": 482.5588282992469,