{
  "high_contrast": {
    "pixel_spacing_mm": 0.5,
    "image_shape": [
      540,
      540
    ],
    "centers_x": [
      366.54154428917195,
      345.5402665394219,
      317.06927002744555,
      280.3669513037752,
      250.40469878298896,
      222.55634480863478,
      198.45973346057812,
      183.6315340685657,
      176.7155694424331,
      176.52589804464577
    ],
    "centers_y": [
      286.6702250560253,
      331.70761052990775,
      354.76296891445696,
      365.63469101680755,
      363.5395262193826,
      352.2880608674028,
      331.7076105299078,
      307.5101883349703,
      281.69945696689416,
      259.96526752630524
    ],
    "per_pair_mtf": [
      0.0845990607663281,
      0.05927969880077292,
      0.054944929639582994,
      0.04669798257243373,
      0.028469793260792287,
      0.02140598831723304,
      0.0,
      0.0,
      0.0
    ],
    "MTF10_lp_per_mm": 0.6604787877520137,
    "MTF30_lp_per_mm": 0.5437451919409436,
    "MTF50_lp_per_mm": 0.42412994573443785,
    "MTF80_lp_per_mm": 0.16682558658580565,
    "lp_mm": [
      0.1,
      0.2,
      0.3,
      0.4,
      0.5,
      0.6,
      0.7,
      0.8,
      0.9
    ],
    "nmtf": [
      1.0,
      0.7007134389412426,
      0.6494744639227961,
      0.551991737844687,
      0.33652611509989433,
      0.25302867577169363,
      0.0,
      0.0,
      0.0
    ]
  }
}