{
  "uniformity": {
    "centre": {
      "mean": 18.756944444444443,
      "std": 5.1119366407591365
    },
    "north": {
      "mean": 16.82638888888889,
      "std": 4.8082392554504105
    },
    "south": {
      "mean": 20.413194444444443,
      "std": 4.24666121349365
    },
    "east": {
      "mean": 17.447916666666668,
      "std": 4.36057891082136
    },
    "west": {
      "mean": 17.05902777777778,
      "std": 4.5034695451032905
    },
    "uniformity": 17.571015478822922
  },
  "center": [
    261.0,
    257.0
  ],
  "high_contrast": {
    "pixel_spacing_mm": 0.625,
    "image_shape": [
      512,
      512
    ],
    "centers_x": [
      336.63323543133754,
      319.8322132315375,
      297.05541602195643,
      267.69356104302017,
      243.72375902639118,
      221.44507584690783,
      202.1677867684625,
      190.30522725485258,
      184.7724555539465,
      184.6207184357166
    ],
    "centers_y": [
      270.33618004482025,
      306.3660884239262,
      324.8103751315656,
      333.5077528134461,
      331.8316209755061,
      322.8304486939222,
      306.3660884239262,
      287.0081506679762,
      266.35956557351534,
      248.9722140210442
    ],
    "per_pair_mtf": [
      0.5669836490297158,
      0.1532353896709662,
      0.3105516184021687,
      0.2898488254609022,
      0.22488903480190622,
      0.13816052448953628,
      0.06687653421178055,
      0.0,
      0.0
    ],
    "MTF10_lp_per_mm": 0.7152193432700584,
    "MTF30_lp_per_mm": 0.5631786939446328,
    "MTF50_lp_per_mm": 0.40978605516051486,
    "MTF80_lp_per_mm": 0.1274071799073407,
    "lp_mm": [
      0.1,
      0.2,
      0.3,
      0.4,
      0.5,
      0.6,
      0.7,
      0.8,
      0.9
    ],
    "nmtf": [
      1.0,
      0.2702642129683974,
      0.5477258805145766,
      0.5112119652073267,
      0.3966411292226167,
      0.24367638242473416,
      0.11795143356642995,
      0.0,
      0.0
    ]
  },
  "rotation_angle": -1.3517732966222966,
  "ctp401": {
    "ROIs": {
      "ROI0_LDPE": {
        "mean": 940.4,
        "std": 11.488254871824527
      },
      "ROI90_Air": {
        "mean": 117.83,
        "std": 7.145705003706773
      },
      "ROI180_Teflon": {
        "mean": -72.21,
        "std": 39.50804854709987
      },
      "ROI270_Acrylic": {
        "mean": -986.99,
        "std": 14.00820830798857
      }
    },
    "LCV_percent": -0.07362336286939315,
    "Scale": {
      "scaleX_cm": 10.90625,
      "scaleY_cm": 10.25
    }
  },
  "ctp515": {
    "n_detected": 6,
    "blobs": {
      "roi_15mm": {
        "x": 254,
        "y": 176,
        "r": 9.6,
        "x_delta": -1.7427154019739248,
        "y_delta": -79.98101614150525,
        "r_delta": 80.0,
        "angle": 91.2482267033777,
        "mean": 59.3840830449827,
        "std": 5.6447197306327075,
        "bg_mean": 51.87064676616915,
        "bg_std": 3.8158068830534653,
        "cnr": 1.9690294842989782,
        "contrast": 14.484948130074082
      },
      "roi_9mm": {
        "x": 279,
        "y": 179,
        "r": 5.6,
        "x_delta": 23.458857286126886,
        "y_delta": -76.48321394155147,
        "r_delta": 80.0,
        "angle": 72.9482267033777,
        "mean": 54.895833333333336,
        "std": 7.313627643348789,
        "bg_mean": 51.87064676616915,
        "bg_std": 3.8158068830534653,
        "cnr": 0.792803894943275,
        "contrast": 5.8321743717629095
      },
      "roi_8mm": {
        "x": 300,
        "y": 189,
        "r": 4.8,
        "x_delta": 44.09879166960542,
        "y_delta": -66.74800800983309,
        "r_delta": 80.00000000000001,
        "angle": 56.54822670337771,
        "mean": 54.638888888888886,
        "std": 6.126684701541182,
        "bg_mean": 51.87064676616915,
        "bg_std": 3.8158068830534653,
        "cnr": 0.7254670375901925,
        "contrast": 5.336818210883047
      },
      "roi_7mm": {
        "x": 315,
        "y": 202,
        "r": 4.0,
        "x_delta": 59.12514787760301,
        "y_delta": -53.89078667501133,
        "r_delta": 80.00000000000001,
        "angle": 42.34822670337769,
        "mean": 56.326530612244895,
        "std": 5.285280889962007,
        "bg_mean": 51.87064676616915,
        "bg_std": 3.8158068830534653,
        "cnr": 1.1677435391679578,
        "contrast": 8.590376492050876
      },
      "roi_6mm": {
        "x": 326,
        "y": 217,
        "r": 3.2,
        "x_delta": 70.00459448048042,
        "y_delta": -38.72152827076289,
        "r_delta": 80.0,
        "angle": 28.948226703377713,
        "mean": 57.25,
        "std": 5.11737237261468,
        "bg_mean": 51.87064676616915,
        "bg_std": 3.8158068830534653,
        "cnr": 1.4097551015025842,
        "contrast": 10.370707845770195
      },
      "roi_5mm": {
        "x": 332,
        "y": 232,
        "r": 2.4,
        "x_delta": 76.60642239853485,
        "y_delta": -23.053330503362474,
        "r_delta": 80.00000000000003,
        "angle": 16.748226703377696,
        "mean": 58.888888888888886,
        "std": 6.707283676794031,
        "bg_mean": 51.87064676616915,
        "bg_std": 3.8158068830534653,
        "cnr": 1.8392550565114243,
        "contrast": 13.530276871922755
      }
    }
  }
}