{
  "uniformity": {
    "centre": {
      "mean": 948.0833333333334,
      "std": 9.400280728668575
    },
    "north": {
      "mean": 960.7266666666667,
      "std": 7.400807763721171
    },
    "south": {
      "mean": 962.5322222222222,
      "std": 8.227600268172944
    },
    "east": {
      "mean": 957.9344444444445,
      "std": 8.196146263961307
    },
    "west": {
      "mean": 967.7166666666667,
      "std": 8.254611505765194
    },
    "uniformity": 2.028830752802989
  },
  "center": [
    268.0,
    269.0
  ]
}