{
  "uniformity": {
    "centre": {
      "mean": 18.756944444444443,
      "std": 5.1119366407591365
    },
    "north": {
      "mean": 16.82638888888889,
      "std": 4.8082392554504105
    },
    "south": {
      "mean": 20.413194444444443,
      "std": 4.24666121349365
    },
    "east": {
      "mean": 17.447916666666668,
      "std": 4.36057891082136
    },
    "west": {
      "mean": 17.05902777777778,
      "std": 4.5034695451032905
    },
    "uniformity": 17.571015478822922
  },
  "center": [
    261.0,
    257.0
  ],
  "rotation_angle": -1.3517732966222966,
  "ctp401": {
    "ROIs": {
      "ROI0_LDPE": {
        "mean": 940.4,
        "std": 11.488254871824527
      },
      "ROI90_Air": {
        "mean": 117.83,
        "std": 7.145705003706773
      },
      "ROI180_Teflon": {
        "mean": -72.21,
        "std": 39.50804854709987
      },
      "ROI270_Acrylic": {
        "mean": -986.99,
        "std": 14.00820830798857
      }
    },
    "LCV_percent": -0.07362336286939315,
    "Scale": {
      "scaleX_cm": 10.90625,
      "scaleY_cm": 10.25
    }
  },
  "high_contrast": {
    "pixel_spacing_mm": 0.625,
    "image_shape": [
      512,
      512
    ],
    "centers_x": [
      336.92679664873447,
      320.9804211431217,
      298.64507645014953,
      269.49657013948786,
      245.49389777158618,
      223.0090707271686,
      203.34874062313878,
      191.03281503287758,
      185.01446839692835,
      184.45259360678588
    ],
    "centers_y": [
      268.5482271653151,
      304.96445641820367,
      323.9409308201073,
      333.32855491796477,
      332.21835410112334,
      323.7452567077745,
      307.74024332087765,
      288.66753902305135,
      268.1552224091947,
      250.77628933255073
    ],
    "per_pair_mtf": [
      0.5649361355232401,
      0.1369720868120064,
      0.29818074235491143,
      0.2785095159598462,
      0.23043664788268922,
      0.1377767375688809,
      0.06870530706741866,
      0.0,
      0.0
    ],
    "MTF10_lp_per_mm": 0.7177740178107517,
    "MTF30_lp_per_mm": 0.5657844444477446,
    "MTF50_lp_per_mm": 0.3798764361597359,
    "MTF80_lp_per_mm": 0.12640110248627112,
    "lp_mm": [
      0.1,
      0.2,
      0.3,
      0.4,
      0.5,
      0.6,
      0.7,
      0.8,
      0.9
    ],
    "nmtf": [
      1.0,
      0.24245587810583893,
      0.5278131873769031,
      0.492992921583769,
      0.4078985807294135,
      0.24388019973491873,
      0.12161606020083007,
      0.0,
      0.0
    ]
  },
  "ctp515": {
    "n_detected": 6,
    "blobs": {
      "roi_15mm": {
        "x": 250,
        "y": 176,
        "r": 9.6,
        "x_delta": -5.513342779691328,
        "y_delta": -79.80979295420849,
        "r_delta": 80.00000000000001,
        "angle": 93.95177329662229,
        "mean": 56.89383561643836,
        "std": 6.641945607457961,
        "bg_mean": 51.62814070351759,
        "bg_std": 4.037812739453873,
        "cnr": 1.3040958656720705,
        "contrast": 10.199272801939202
      },
      "roi_9mm": {
        "x": 275,
        "y": 178,
        "r": 5.6,
        "x_delta": 19.82516479793003,
        "y_delta": -77.50459883603628,
        "r_delta": 80.0,
        "angle": 75.6517732966223,
        "mean": 53.2,
        "std": 6.2785348609369045,
        "bg_mean": 51.62814070351759,
        "bg_std": 4.037812739453873,
        "cnr": 0.38928484157543325,
        "contrast": 3.044578547790546
      },
      "roi_8mm": {
        "x": 296,
        "y": 187,
        "r": 4.8,
        "x_delta": 40.9013189856031,
        "y_delta": -68.75377884333301,
        "r_delta": 80.00000000000001,
        "angle": 59.251773296622304,
        "mean": 51.22222222222222,
        "std": 3.8196212080309095,
        "bg_mean": 51.62814070351759,
        "bg_std": 4.037812739453873,
        "cnr": 0.10052929803400809,
        "contrast": -0.7862349404105299
      },
      "roi_7mm": {
        "x": 312,
        "y": 199,
        "r": 4.0,
        "x_delta": 56.51740325251802,
        "y_delta": -56.61963554803464,
        "r_delta": 80.00000000000001,
        "angle": 45.05177329662229,
        "mean": 51.59615384615385,
        "std": 4.189086624260965,
        "bg_mean": 51.62814070351759,
        "bg_std": 4.037812739453873,
        "cnr": 0.007921827818307588,
        "contrast": -0.06195624503975478
      },
      "roi_6mm": {
        "x": 324,
        "y": 214,
        "r": 3.2,
        "x_delta": 68.10024841794308,
        "y_delta": -41.980425979430464,
        "r_delta": 80.0,
        "angle": 31.65177329662231,
        "mean": 51.61764705882353,
        "std": 4.465651298801928,
        "bg_mean": 51.62814070351759,
        "bg_std": 4.037812739453873,
        "cnr": 0.002598843815993633,
        "contrast": -0.020325435994915618
      },
      "roi_5mm": {
        "x": 331,
        "y": 229,
        "r": 2.4,
        "x_delta": 75.43377018374281,
        "y_delta": -26.641064465713015,
        "r_delta": 80.00000000000001,
        "angle": 19.451773296622292,
        "mean": 48.8235294117647,
        "std": 3.2762118389751342,
        "bg_mean": 51.62814070351759,
        "bg_std": 4.037812739453873,
        "cnr": 0.6945867641168395,
        "contrast": -5.432330611824256
      }
    }
  }
}